borrow_amount,borrow_amount_usd,borrow_time,borrow_tx_hash,borrower,bridge_7d,chain,defi_7d,loop_1h,loop_24h,loop_7d,receiver,stable_symbol,venue,bucket
500,500.5905000000001,2026-02-05 21:14:23.000 UTC,0xcea3c4a5b9e5faa97f42e466c1126db199c4c6908f80a9c27a0598e67b987952,1f1de251ee59f4272ac21ffda2bd4dfc40c81912,False,ethereum,False,False,False,False,1f1de251ee59f4272ac21ffda2bd4dfc40c81912,usdc,morpho_blue,E_idle_eoa
2421.022977,2420.909188920081,2026-02-14 01:53:35.000 UTC,0x2b210de8fa44a9e58a1660137e4ef9949a17bd09236df1d2b12d36652d146f8e,05b011922348325e7c9ece372560df92ea699886,False,ethereum,False,False,False,False,05b011922348325e7c9ece372560df92ea699886,usdt,morpho_blue,E_idle_eoa
20.489334,20.493554802804,2026-02-04 20:00:23.000 UTC,0xb92aab6e77039dc6107e233e4ac46b92ec34973e68a1bfa1a24decaa12abc4a8,05b011922348325e7c9ece372560df92ea699886,False,ethereum,False,False,False,False,05b011922348325e7c9ece372560df92ea699886,usdc,morpho_blue,E_idle_eoa
120000,120056.4,2026-02-06 06:25:35.000 UTC,0x200873ff066d55e977a93e98c9aecf49152cbe7033f1e9a00984a9601a7fed62,1b968c1eb2814bcaf20382d2d034aa1ede2bc6ea,False,ethereum,False,False,False,False,1b968c1eb2814bcaf20382d2d034aa1ede2bc6ea,usdc,morpho_blue,E_idle_eoa
50,50.024,2026-02-02 19:35:11.000 UTC,0x022998d712f1f622854575344d07977b1046819afe12b43b04eda2644d2a3129,d11615dd15b5c74d328c499b9d9aa842e2751dbf,False,ethereum,False,False,False,False,d11615dd15b5c74d328c499b9d9aa842e2751dbf,usdc,morpho_blue,E_idle_eoa
31700,31682.7235,2026-02-14 23:23:35.000 UTC,0x1df6fb026a66e48b3951fa86c916253b58dbec330e006c846fd3798eff1c3733,ed3a06b5790927c7952e320e4d1bcb09af0a0a03,False,ethereum,False,False,False,False,ed3a06b5790927c7952e320e4d1bcb09af0a0a03,usdc,morpho_blue,E_idle_eoa
3945,3945.721935,2026-02-16 11:37:47.000 UTC,0x4d1ecd57792ed34ff6105d178de2824019bf3113a563f0d408fecfe55ab234ee,7c3b7f9e7a1f4341d300c4dc19c44f14d692ae8e,False,ethereum,False,False,False,False,7c3b7f9e7a1f4341d300c4dc19c44f14d692ae8e,usdt,morpho_blue,E_idle_eoa
21.627711,21.637183937418,2026-02-23 07:00:23.000 UTC,0x676fd60d13f22c09b412d9878e0f2fc8c8b7fe8e98aba96b46725507b7d83f7c,05b011922348325e7c9ece372560df92ea699886,False,ethereum,False,False,False,False,05b011922348325e7c9ece372560df92ea699886,usdt,morpho_blue,E_idle_eoa
7000,7002.905000000001,2026-02-10 13:00:35.000 UTC,0xc3d9cfedbcb3a4b956f3d4cf950426cc7a866643b53e0978f6c4acb7437237d9,51129076a523b041f85b5a73b1d8522c6230034a,False,ethereum,False,False,False,False,51129076a523b041f85b5a73b1d8522c6230034a,usdc,morpho_blue,E_idle_eoa
1000,999.968,2026-02-11 17:53:35.000 UTC,0xf2ce7482ee79a0725a208dd9a5818730f606a3be80f2c0dfc27271f12a862fe8,9f03da73cf0f3a141404af735c16cf17427d81db,False,ethereum,False,False,False,False,9f03da73cf0f3a141404af735c16cf17427d81db,usdt,morpho_blue,E_idle_eoa
500000,500140.99999999994,2026-02-04 00:26:59.000 UTC,0x18203c391f5a6dc5b1482a5e0fa426b9ce072cac25bd4286c50109eb99d288e4,c99882e7efb11e4258dfee59954226e53fef4e68,False,ethereum,False,False,False,False,c99882e7efb11e4258dfee59954226e53fef4e68,usdc,morpho_blue,E_idle_eoa
100000,99994.2,2026-02-06 18:25:35.000 UTC,0x67b07d2e0b6f6a4ae84461df6aed79f87113234acb1c15ceaf8aa0419d77e1c9,01f99e527454d8bc2835aa662ccf52cea2c9be3d,False,ethereum,False,False,False,False,01f99e527454d8bc2835aa662ccf52cea2c9be3d,usdt,morpho_blue,E_idle_eoa
250,250.05325,2026-02-09 17:16:23.000 UTC,0x327a031be74ce24a6bd743dfd1a3b5648581cab3c2d83c4c11e2810f8e57e199,1be45fef92c4e2538fecd150757ed62b7b3757d7,False,ethereum,False,False,False,False,1be45fef92c4e2538fecd150757ed62b7b3757d7,usdc,morpho_blue,E_idle_eoa
73.020241,73.026447720485,2026-02-25 01:30:23.000 UTC,0xceb81eee106c85d545d1b6a552a41c1acd37896b350a8bec7c7d709298477348,05b011922348325e7c9ece372560df92ea699886,False,ethereum,False,False,False,False,05b011922348325e7c9ece372560df92ea699886,usdt,morpho_blue,E_idle_eoa
7.529895,7.530504921495,2026-02-20 10:52:59.000 UTC,0x0c0ab413fc8d11595e0866b7631814855a5e5f4ed8e309ccc82e6edd7fd266ee,fa0da49686a3f0b6caca1c336bf096dd24db98b6,False,ethereum,False,False,False,False,fa0da49686a3f0b6caca1c336bf096dd24db98b6,usdc,morpho_blue,E_idle_eoa
19.84113,19.84749900273,2026-01-30 12:00:23.000 UTC,0x896dd5c7832557ca4061c633fe4a92648efa86e035bc18f887fef03489752bd3,05b011922348325e7c9ece372560df92ea699886,False,ethereum,False,False,False,False,05b011922348325e7c9ece372560df92ea699886,usdc,morpho_blue,E_idle_eoa
8.7,8.705994299999999,2026-02-19 17:42:35.000 UTC,0xc44b3aa2457974224d64182861869441f9773c4215bfdada4282e41bd6a8ac1d,e27141ca33967be5df82b5cd33d93adf6e04d31c,False,ethereum,False,False,False,False,e27141ca33967be5df82b5cd33d93adf6e04d31c,usdc,morpho_blue,E_idle_eoa
15,15.005265,2026-02-14 01:26:23.000 UTC,0x69804712f6e15308f56819b117bfd20448e789bbc1b031fd87b8d7bf0006891e,e27141ca33967be5df82b5cd33d93adf6e04d31c,False,ethereum,True,False,False,False,e27141ca33967be5df82b5cd33d93adf6e04d31c,usdc,morpho_blue,B_defi_retained
321,321.097905,2026-02-24 22:20:35.000 UTC,0xfe383d649c6897f51b44b0e324720947774e3760fdbc38bc85ae2be152ee3c48,06f4db783097c632b888669032b2905f70e08105,False,ethereum,False,False,False,False,06f4db783097c632b888669032b2905f70e08105,usdc,morpho_blue,E_idle_eoa
3798,3798.972288,2026-02-25 13:20:35.000 UTC,0x66a4648963b16aa78701a97b2a0f3ae543a5f01e4d4a9a3cc80536fc30ad5173,06812eef8fe9999aeccb0fae56bb98626cbf8a91,False,ethereum,False,False,False,False,06812eef8fe9999aeccb0fae56bb98626cbf8a91,usdt,morpho_blue,E_idle_eoa
117347.494375,117335.87697305687,2026-02-05 14:11:59.000 UTC,0x6150d12d52865341a3c0fdb1eebcd0390288342d9fe0d97ea443bd30bbfa2063,7f04a808fa8e9ea9a4140dbbd87b61da6029996b,False,ethereum,False,False,False,False,7f04a808fa8e9ea9a4140dbbd87b61da6029996b,usdc,morpho_blue,E_idle_eoa
1200,1200.2592,2026-01-30 12:48:59.000 UTC,0x2fb9232ed31cfb1c8d1477f0963561c311654566cd642d423c0e4b9b596d8267,4e4866dd3eacbcc6bb4307f4b040dd82f8d217b0,False,ethereum,True,True,True,True,4e4866dd3eacbcc6bb4307f4b040dd82f8d217b0,usdc,morpho_blue,A_looper
1,1.000337,2026-02-02 11:56:11.000 UTC,0x8a699f94062299411c2c5744a00e227af8e6e10dcce8f01c8c5f235c975c6b95,feed46c11f57b7126a773eec6ae9ca7ae1c03c9a,False,ethereum,False,False,False,False,feed46c11f57b7126a773eec6ae9ca7ae1c03c9a,usdc,morpho_blue,E_idle_eoa
50000,50026.00000000001,2026-02-21 06:24:23.000 UTC,0xa6c55dd3e991df5e6738d20b500b688839b0f322954e0fcce95d3861e2a3f54e,51129076a523b041f85b5a73b1d8522c6230034a,False,ethereum,False,False,False,False,51129076a523b041f85b5a73b1d8522c6230034a,usdc,morpho_blue,E_idle_eoa
1.25,1.2504637499999998,2026-02-24 09:08:11.000 UTC,0x96b7b92a6df09d3ee380d21db263ad72671a991fb13d5677f5ec7dbb172bcf86,1f1de251ee59f4272ac21ffda2bd4dfc40c81912,False,ethereum,False,False,False,False,1f1de251ee59f4272ac21ffda2bd4dfc40c81912,usdc,morpho_blue,E_idle_eoa
12000,12003.072,2026-02-06 04:43:11.000 UTC,0xab24d8acd639726d0951732ff3a009e2ca2304d527b56d0ad37c376171b565b1,ba10248ac4dcc76ef27b58aad637f02a27fbc4f6,False,ethereum,True,True,True,True,ba10248ac4dcc76ef27b58aad637f02a27fbc4f6,usdc,morpho_blue,A_looper
52000,52010.867999999995,2026-02-04 17:08:47.000 UTC,0x89a0d345e9bb2d5f67f1169e073790181cd20d80a083729a556d2e771c8498ff,ed3a06b5790927c7952e320e4d1bcb09af0a0a03,False,ethereum,True,False,False,True,ed3a06b5790927c7952e320e4d1bcb09af0a0a03,usdc,morpho_blue,A_looper
1500,1500.3990000000001,2026-02-07 17:34:47.000 UTC,0xe55ba077fdf273d9e3016cf57e59f6d28921f8582f72840a65d7ab2bfbf3601c,0c431d0db7776b7f5e8fcf79b456eed215ca4fcc,False,ethereum,True,False,False,False,0c431d0db7776b7f5e8fcf79b456eed215ca4fcc,usdc,morpho_blue,B_defi_retained
100.009713,100.075919430006,2026-02-25 08:58:11.000 UTC,0x5f77d9a335aff6db265a7e55329355c7574cad4316d39fb854560f95047452ec,802bfef501c3d427973b97765331876e19c6eb23,False,ethereum,False,False,False,False,802bfef501c3d427973b97765331876e19c6eb23,usdc,morpho_blue,E_idle_eoa
33000,33011.286,2026-02-21 15:51:35.000 UTC,0x83ca6a00be0abccc3da2bc2fa1b171719d0ffe213e1030dc0155878ca8362c11,6ce0b3da02596a96131938fb2ba91bd7bde8017d,False,ethereum,False,False,False,False,6ce0b3da02596a96131938fb2ba91bd7bde8017d,usdc,morpho_blue,E_idle_eoa
14,13.998572,2026-02-15 01:22:23.000 UTC,0xdf26d4502870fb6271bc0a7438aa70d29794db4307e97b033fbc2f55b2fd1789,e27141ca33967be5df82b5cd33d93adf6e04d31c,False,ethereum,True,False,False,False,e27141ca33967be5df82b5cd33d93adf6e04d31c,usdt,morpho_blue,B_defi_retained
930000,929780.52,2026-02-08 23:57:47.000 UTC,0xf58a2dd76a82494ec14f5da41066b7a1e400cfd0b25f513ecc051b181d0b4d57,5e593a46447c18bd46cd3c825853d99e6a2e3d9a,False,ethereum,False,False,False,False,5e593a46447c18bd46cd3c825853d99e6a2e3d9a,usdt,morpho_blue,E_idle_eoa
125,125.04637499999998,2026-02-24 09:08:11.000 UTC,0x96b7b92a6df09d3ee380d21db263ad72671a991fb13d5677f5ec7dbb172bcf86,1f1de251ee59f4272ac21ffda2bd4dfc40c81912,False,ethereum,False,False,False,False,1f1de251ee59f4272ac21ffda2bd4dfc40c81912,usdc,morpho_blue,E_idle_eoa
25000,25010.149999999998,2026-02-06 05:59:47.000 UTC,0xb4756e40e876844f43f08594d3ff823b8cf25eeaa9727c95a529236be939f120,ba10248ac4dcc76ef27b58aad637f02a27fbc4f6,False,ethereum,True,True,True,True,ba10248ac4dcc76ef27b58aad637f02a27fbc4f6,usdc,morpho_blue,A_looper
2500,2497.2174999999997,2026-02-05 10:06:47.000 UTC,0x620b7f0f5d3b0fa1d820cc4862829d135688734ff1a52c26c9ef61a01a92e822,41733fcb912d29a58dce80c08bec047a3f5559d4,False,ethereum,False,False,False,False,41733fcb912d29a58dce80c08bec047a3f5559d4,usdt,morpho_blue,E_idle_eoa
915000,913432.605,2026-02-05 02:13:35.000 UTC,0x2cc260ac82989285a5f225bc8650245ae51ff4bca9aed03a0f69adf4f73db503,5e593a46447c18bd46cd3c825853d99e6a2e3d9a,False,ethereum,False,False,False,False,5e593a46447c18bd46cd3c825853d99e6a2e3d9a,usdt,morpho_blue,E_idle_eoa
8,7.99704,2026-02-12 05:19:11.000 UTC,0x5089460e7d1d0af4315efb9495688eed81e6cddf21ab5040b15808055750d364,e27141ca33967be5df82b5cd33d93adf6e04d31c,False,ethereum,True,False,False,False,e27141ca33967be5df82b5cd33d93adf6e04d31c,usdt,morpho_blue,B_defi_retained
270,270.00971999999996,2026-02-15 04:45:23.000 UTC,0x2d26798999f5f6e4b7df23192a1516935a6047f3e19d4794ef7e6b2ac08c71e1,2bf70833e66ffa568ccf70618b5e64dc3c4d4c7c,False,ethereum,False,False,False,False,2bf70833e66ffa568ccf70618b5e64dc3c4d4c7c,usdc,morpho_blue,E_idle_eoa
23.484483,23.493148774227002,2026-02-23 10:00:35.000 UTC,0x70e835a30bc61fbc954de7c815a0692f07cbc9898526f860a9c28d321b22c02e,05b011922348325e7c9ece372560df92ea699886,False,ethereum,False,False,False,False,05b011922348325e7c9ece372560df92ea699886,usdt,morpho_blue,E_idle_eoa
7.17311,7.175233240560001,2026-02-13 15:04:47.000 UTC,0xa3786f731d651fbc54b3073bb1e88858d376f943dcaa7afd2b7b22a123bb96e9,ead103c96cec392b2dacb5932993dae20bf9442f,False,ethereum,False,False,False,False,ead103c96cec392b2dacb5932993dae20bf9442f,usdc,morpho_blue,E_idle_eoa
15.362552,15.369111809704,2026-02-23 05:30:35.000 UTC,0xb38e09ed147abc7c1ba457fc56dd9a3384191973b62cf47db7ab0126dc3c80b9,05b011922348325e7c9ece372560df92ea699886,False,ethereum,False,False,False,False,05b011922348325e7c9ece372560df92ea699886,usdt,morpho_blue,E_idle_eoa
30,30.00723,2026-02-10 03:37:35.000 UTC,0x984c89cdae2cc31010705c76dc3df29d8ad9178ddeedd2c39ff64f0b0c0eb226,bc03731108790d6c614b3d5453ba6f29440cf698,False,ethereum,False,False,False,False,bc03731108790d6c614b3d5453ba6f29440cf698,usdc,morpho_blue,E_idle_eoa
2500,2500.5475,2026-02-18 15:34:35.000 UTC,0x42026a41364b88130880494c1d850a623941119c35f34e273e6a6155958fcb1c,3cfc3de0e85e8c5444c538e69345853d3eba1d84,False,ethereum,False,False,False,False,3cfc3de0e85e8c5444c538e69345853d3eba1d84,usdc,morpho_blue,E_idle_eoa
13000,12984.335,2026-02-05 19:13:47.000 UTC,0xbcc97f7113a113db85064c071e2b26d7e05e62ec645bfb68953b1041bb6615c6,d843d7f790e645d8e33aa8281d24a6c1f914d0d2,False,ethereum,False,False,False,False,d843d7f790e645d8e33aa8281d24a6c1f914d0d2,usdt,morpho_blue,E_idle_eoa
487623.804786,486964.0497781245,2026-02-04 17:00:11.000 UTC,0xb1635eabb9acf6ba655f6b047746b0e5b433f7b33382442df0ee459a398053c3,0ba2e84ad8eeaa9d94447601c6a7ec7235287a2f,False,ethereum,False,False,False,False,0ba2e84ad8eeaa9d94447601c6a7ec7235287a2f,usdt,morpho_blue,E_idle_eoa
0.17998,0.1799773003,2026-02-19 02:30:35.000 UTC,0x5a00215a873fde8751ecea2c750c11c32503e856377d28b66d04c07ffde66bf5,6344fec307f50466646338bc1c4eaf41a38cb93d,False,ethereum,False,False,False,False,6344fec307f50466646338bc1c4eaf41a38cb93d,usdt,morpho_blue,E_idle_eoa
7000,6993.651,2026-01-29 03:24:35.000 UTC,0x928e274b309bc2b430cee95bdef37a5a5ec742dce9e5cfc1be62f118dc6926ca,0ae8b212cd707be1cdbfaea00d843405bc9848f1,False,ethereum,False,False,False,False,0ae8b212cd707be1cdbfaea00d843405bc9848f1,usdt,morpho_blue,E_idle_eoa
350,350.18025,2026-02-19 18:46:59.000 UTC,0x325daa646760f1ba34f3fdf0f40ba3d0c3f24b4b50cfd59543f002b577b034ae,a65c9db978448eb3d2f021425f29d6760d10e1f0,False,ethereum,True,True,True,True,a65c9db978448eb3d2f021425f29d6760d10e1f0,usdc,morpho_blue,A_looper
130000,129963.99,2026-02-03 18:51:11.000 UTC,0xf5c9673aef863bc7deec4b16c81830c4b518bffa55394ab766f0a2ecada851e8,c5306f30384f6018888d5a7d49df893e5d4226d7,False,ethereum,False,False,False,False,c5306f30384f6018888d5a7d49df893e5d4226d7,usdt,morpho_blue,E_idle_eoa
5000,5002.08,2026-02-24 17:38:35.000 UTC,0x3f1659701dc4463de81a2e0b9e8237641a218719241b3b3fb190427ef886eaf4,39508f463692031ee7596acd53ec837b57b148d1,False,ethereum,False,False,False,False,39508f463692031ee7596acd53ec837b57b148d1,usdc,morpho_blue,E_idle_eoa
0.236926,0.23697480675599997,2026-02-04 20:00:35.000 UTC,0x3ab1c9f5b8e7b4c0be0d6d51a98efa5715ecb1b5786fca363c5020f9e74f8d7b,6344fec307f50466646338bc1c4eaf41a38cb93d,False,ethereum,False,False,False,False,6344fec307f50466646338bc1c4eaf41a38cb93d,usdc,morpho_blue,E_idle_eoa
0.2,0.2000568,2026-02-13 00:29:11.000 UTC,0x79f33a782e7aa1c529d0a8a79d04b65884a4f762900ddf6593185744636c8925,41b53a3d77d490e45022d15995539ae06f907263,False,ethereum,False,False,False,False,41b53a3d77d490e45022d15995539ae06f907263,usdc,morpho_blue,E_idle_eoa
600,600.1644000000001,2026-01-27 06:19:47.000 UTC,0x7df9a82c44cc3ce9693f6a6227feac777443be73a17ec2d17851896372a682b1,1f2cfb5a997a0df207ddd8b4a1a512b9793c1dfc,False,ethereum,True,False,False,False,1f2cfb5a997a0df207ddd8b4a1a512b9793c1dfc,usdc,morpho_blue,B_defi_retained
590.970354,590.9614894446901,2026-02-19 02:30:35.000 UTC,0xd7ddbd6cbe5774b19ffab6eacc4e77caccd70e21f9b083536f03928fc84a0194,eff0ae5b39271b33f448cd408b51dc8aa72a672b,False,ethereum,False,False,False,False,eff0ae5b39271b33f448cd408b51dc8aa72a672b,usdt,morpho_blue,E_idle_eoa
1116.061511,1115.8840572197512,2026-02-06 06:00:23.000 UTC,0x3e45dacb3eb5fa5b1aa2631aaf97f9b55f2045a10cfe43ecae99cd38df57f375,eff0ae5b39271b33f448cd408b51dc8aa72a672b,False,ethereum,False,False,False,False,eff0ae5b39271b33f448cd408b51dc8aa72a672b,usdc,morpho_blue,E_idle_eoa
1200,1200.6288,2026-02-23 11:21:47.000 UTC,0xc70f940cb48daea31f4e23bbaa569a98e83c5bbe1980bd39269457770ef47627,8566e1751836b32b56f9a88053bb8cb404f86671,False,ethereum,False,False,False,False,8566e1751836b32b56f9a88053bb8cb404f86671,usdc,morpho_blue,E_idle_eoa
916.768172,917.137629573316,2026-02-23 10:06:11.000 UTC,0x114245ace19905210e04d53146f1eae1f804d4b074a03fcd214f9623a688419c,eff0ae5b39271b33f448cd408b51dc8aa72a672b,False,ethereum,False,False,False,False,eff0ae5b39271b33f448cd408b51dc8aa72a672b,usdt,morpho_blue,E_idle_eoa
320000,319676.16,2026-01-28 12:07:35.000 UTC,0xe75bc803bc7a23755daba32e0ab8d6bee9f4b1fa7409137f92a48e162e9f3908,7c3b7f9e7a1f4341d300c4dc19c44f14d692ae8e,False,ethereum,False,False,False,False,7c3b7f9e7a1f4341d300c4dc19c44f14d692ae8e,usdt,morpho_blue,E_idle_eoa
8,8.005336,2026-02-05 23:48:35.000 UTC,0xcf62e084a052003ee4dbf9561f09e483fa47556c27f4c8aa00916f9865d36708,1f1de251ee59f4272ac21ffda2bd4dfc40c81912,False,ethereum,False,False,False,False,1f1de251ee59f4272ac21ffda2bd4dfc40c81912,usdc,morpho_blue,E_idle_eoa
0.326451,0.326626957089,2026-02-25 15:30:47.000 UTC,0x559e6af8d1244c842f482fd8033bd032cca6af7c539eb5b409f07d7fc9259b02,6344fec307f50466646338bc1c4eaf41a38cb93d,False,ethereum,False,False,False,False,6344fec307f50466646338bc1c4eaf41a38cb93d,usdt,morpho_blue,E_idle_eoa
30,29.99505,2026-02-14 22:06:11.000 UTC,0x1b86dc34bb342dded98352a10c00e8a744a82b322060a101d9117c9d2b0cd0ed,333e2fb07c2451e6e01fa40adde521b73413ef6a,False,ethereum,False,False,False,False,333e2fb07c2451e6e01fa40adde521b73413ef6a,usdt,morpho_blue,E_idle_eoa
5,5.006175000000001,2026-02-06 00:26:59.000 UTC,0xc17f0cffe9eec6c513aae2cba05118909f9c0063ede9cbd18a0aa8dfa34283bf,1f1de251ee59f4272ac21ffda2bd4dfc40c81912,False,ethereum,False,False,False,False,1f1de251ee59f4272ac21ffda2bd4dfc40c81912,usdc,morpho_blue,E_idle_eoa
1274000,1273901.902,2026-02-13 15:45:47.000 UTC,0x318e221be962fd6aff27ef6c0004092d7a61738f62ae92938ca223042a881335,de6b2a06407575b98724818445178c1f5fd53361,False,ethereum,False,False,False,False,de6b2a06407575b98724818445178c1f5fd53361,usdt,morpho_blue,E_idle_eoa
15000,15001.575,2026-02-17 16:21:11.000 UTC,0x20f2cdf75e6c665b6d81164a4d75a679c34e73b6f7cc5077c558c17f0e46af69,91546cc623a95fdfad62e9df8590dee69b771702,False,ethereum,False,False,False,False,91546cc623a95fdfad62e9df8590dee69b771702,usdt,morpho_blue,E_idle_eoa
0.166961,0.16702060507699998,2026-02-24 20:30:47.000 UTC,0x640bcf269b74774ece674b1ccf5c771769d86aa134e72f49d29e03f1241f6c05,6344fec307f50466646338bc1c4eaf41a38cb93d,False,ethereum,False,False,False,False,6344fec307f50466646338bc1c4eaf41a38cb93d,usdt,morpho_blue,E_idle_eoa
6000,6000.683999999999,2026-02-05 17:33:11.000 UTC,0x16e486021af9bced9b6e342d027b96a0337a4c5bc4b45ac386790a987c9601fe,42b9594f12bddd170416e94c42e4cb5e42965f39,False,ethereum,False,False,False,False,42b9594f12bddd170416e94c42e4cb5e42965f39,usdc,morpho_blue,E_idle_eoa
25000,25003.874999999996,2026-02-06 04:39:35.000 UTC,0x65648f8e68021715cc5b2ad72065c89485e9fb5ba6ec3e20641faa433e02b6f6,ba10248ac4dcc76ef27b58aad637f02a27fbc4f6,False,ethereum,True,True,True,True,ba10248ac4dcc76ef27b58aad637f02a27fbc4f6,usdc,morpho_blue,A_looper
1312.371228,1313.259703321356,2026-02-06 15:00:23.000 UTC,0x0e04c096a0607da49d222191d245ab43dbc17dbb83d13406ffa3a5f1b6be92e7,eff0ae5b39271b33f448cd408b51dc8aa72a672b,False,ethereum,False,False,False,False,eff0ae5b39271b33f448cd408b51dc8aa72a672b,usdc,morpho_blue,E_idle_eoa
18000,18011.268,2026-02-05 16:56:35.000 UTC,0x30aaf33cae88ad4fdaa8d0df04506518480eace48a130697ff337f2fb0ba301a,2f51677962036541705a09b3327f3b52d2ecd87d,False,ethereum,False,False,False,False,2f51677962036541705a09b3327f3b52d2ecd87d,usdc,morpho_blue,E_idle_eoa
145000,145027.84,2026-01-27 20:54:23.000 UTC,0x8d38442c0b643497748897187df92c3d2208edc2236ea634f2a94a7fe4d7a0cb,acf5b77f1e75532399a26271c85f8d66cad08381,False,ethereum,False,False,False,False,acf5b77f1e75532399a26271c85f8d66cad08381,usdc,morpho_blue,E_idle_eoa
50000,50015.7,2026-02-05 01:16:59.000 UTC,0x2349101037e8676ab8f3df8155ebf2e89c328bfe2f875c8d7ebf8039cb3b4ec1,3cfc3de0e85e8c5444c538e69345853d3eba1d84,False,ethereum,False,False,False,False,3cfc3de0e85e8c5444c538e69345853d3eba1d84,usdc,morpho_blue,E_idle_eoa
6000,5999.201999999999,2026-02-06 16:20:11.000 UTC,0x0c8f592c95ba62f14852e5179f8366a0035c4bd95f3371819d92a70c4903abfe,8a85a41473f5699b080e6128ebfa2c9f5058fa61,False,ethereum,False,False,False,False,8a85a41473f5699b080e6128ebfa2c9f5058fa61,usdc,morpho_blue,E_idle_eoa
20,20.008,2026-02-25 00:19:47.000 UTC,0xdf2a1355fb1478de4b5b93c6e716fe6950ddfbbe7a5c5d9b96d94f5875048059,e27141ca33967be5df82b5cd33d93adf6e04d31c,False,ethereum,False,False,False,False,e27141ca33967be5df82b5cd33d93adf6e04d31c,usdc,morpho_blue,E_idle_eoa
1150,1149.44225,2026-02-20 15:37:35.000 UTC,0xe687401e7857eca0a1e6570ba26106715600d80aa4687cb70e53171ce42e91d8,d8bffcca5b609bf3cd2b99b553518b2c8471416a,False,ethereum,False,False,False,False,d8bffcca5b609bf3cd2b99b553518b2c8471416a,usdt,morpho_blue,E_idle_eoa
1,1.000448,2026-02-11 10:15:59.000 UTC,0x13d4cdd52ab81c1b7948f2178a3b962549875b621d11648a28cf0ce8e6e64525,160ab4870b41fb262073f2278d07b1566531584d,False,ethereum,False,False,False,False,160ab4870b41fb262073f2278d07b1566531584d,usdc,morpho_blue,E_idle_eoa
7000,7002.905000000001,2026-02-10 13:00:59.000 UTC,0xf277c8805107a2ead5dacfd9838a6857b729dd9d1c3c73b673ccc94574c37aa0,51129076a523b041f85b5a73b1d8522c6230034a,False,ethereum,False,False,False,False,51129076a523b041f85b5a73b1d8522c6230034a,usdc,morpho_blue,E_idle_eoa
37000,37008.177,2026-02-05 12:07:35.000 UTC,0x96d91bec1f6522bf7361f645d8006e1c064c270f2cc591bdf66318309c97bd5e,51129076a523b041f85b5a73b1d8522c6230034a,False,ethereum,False,False,False,False,51129076a523b041f85b5a73b1d8522c6230034a,usdc,morpho_blue,E_idle_eoa
150,150.06285,2026-02-07 18:03:35.000 UTC,0x0c3b072bd2eddb31f338285bd3b3a4dfccfa09cbbd3382ff3b76f8cf47a0b0e2,764ec1ad93a8017711b2eee05a9846e5a78078f9,False,ethereum,False,False,False,False,764ec1ad93a8017711b2eee05a9846e5a78078f9,usdc,morpho_blue,E_idle_eoa
5000,5002.400000000001,2026-02-02 19:35:11.000 UTC,0x022998d712f1f622854575344d07977b1046819afe12b43b04eda2644d2a3129,d11615dd15b5c74d328c499b9d9aa842e2751dbf,False,ethereum,False,False,False,False,d11615dd15b5c74d328c499b9d9aa842e2751dbf,usdc,morpho_blue,E_idle_eoa
348430.893898,348477.2352068884,2026-02-05 09:50:47.000 UTC,0xe94c8a3e906a6f9a1444b81db942a2c10de630504ee2f3ad902765c2e9030417,802bfef501c3d427973b97765331876e19c6eb23,False,ethereum,False,False,False,False,802bfef501c3d427973b97765331876e19c6eb23,usdc,morpho_blue,E_idle_eoa
15005,15003.34945,2026-02-06 18:05:35.000 UTC,0x9c0e84d79de0f6cf1ee075d0e9c2a7ae1c7b9dc077dcd65060347a40fd263187,01f99e527454d8bc2835aa662ccf52cea2c9be3d,False,ethereum,False,False,False,False,01f99e527454d8bc2835aa662ccf52cea2c9be3d,usdt,morpho_blue,E_idle_eoa
5500,5502.013000000001,2026-02-05 13:52:47.000 UTC,0xee75c13b7ab03b9942875f384c55105a4ad58ff4e12496d12b87e2defc96b56a,c918f7496689e60a5f42dd14b75486aee87f184e,False,ethereum,False,False,False,False,c918f7496689e60a5f42dd14b75486aee87f184e,usdc,morpho_blue,E_idle_eoa
100,100.01660000000001,2026-02-06 05:28:35.000 UTC,0xef42f177a8617fbdec354b468dc7f0750fa82e46991904c0617f34e52ce489d3,a65c9db978448eb3d2f021425f29d6760d10e1f0,False,ethereum,True,True,True,True,a65c9db978448eb3d2f021425f29d6760d10e1f0,usdc,morpho_blue,A_looper
10000,9992.86,2026-02-03 11:53:11.000 UTC,0x56e63c2e5c8b872eeee4999576be0b78e1985117a6d0ad091c5ef2438ff9b57d,7c3b7f9e7a1f4341d300c4dc19c44f14d692ae8e,False,ethereum,False,False,False,False,7c3b7f9e7a1f4341d300c4dc19c44f14d692ae8e,usdt,morpho_blue,E_idle_eoa
1000,1000.216,2026-02-23 14:39:59.000 UTC,0x142d84b7845e337a2817b56682e7c92bb5dadc42fc0d29e99a8d47074d4289bc,41f6ac35fb1fead2f6c62cb86b29e71012ae9767,False,ethereum,False,False,False,False,41f6ac35fb1fead2f6c62cb86b29e71012ae9767,usdc,morpho_blue,E_idle_eoa
10,10.00039,2026-02-16 15:49:23.000 UTC,0xd0bca6e82442f452640f4fa9cc9ee193ae5284ea6a1f99ec555f7db3fd8dfbe9,ead103c96cec392b2dacb5932993dae20bf9442f,False,ethereum,False,False,False,False,ead103c96cec392b2dacb5932993dae20bf9442f,usdc,morpho_blue,E_idle_eoa
500,500.213,2026-02-03 19:51:11.000 UTC,0xd47f3d3355f0a7b1535b042bae6124b84b649621f2d28ccbeae325bf3ae8ab8a,e73d61f37b1536d3c1d36e1b582e39cb1ae0b787,False,ethereum,False,False,False,False,e73d61f37b1536d3c1d36e1b582e39cb1ae0b787,usdc,morpho_blue,E_idle_eoa
110000,110054.12,2026-02-02 14:04:11.000 UTC,0x8661ee1f2c4a7cb43bb8095e4b253735fa777c857f3ea4247673455a7c2b630f,51129076a523b041f85b5a73b1d8522c6230034a,False,ethereum,False,False,False,False,51129076a523b041f85b5a73b1d8522c6230034a,usdc,morpho_blue,E_idle_eoa
3,3.001992,2026-02-06 01:07:23.000 UTC,0x172a219ee337fa2da2a7755d266c49c4a0474f99db0398f33a68b13789cbab04,1f1de251ee59f4272ac21ffda2bd4dfc40c81912,False,ethereum,False,False,False,False,1f1de251ee59f4272ac21ffda2bd4dfc40c81912,usdc,morpho_blue,E_idle_eoa
10000,9987.63,2026-01-31 06:38:35.000 UTC,0x32f2269220f8afd8cc8e063d44737c3ba67988eafa9d8fd4497a7ec3aa8b0224,9de7bbf6a794b8a2c60e20ac6de174c8cf6153c3,False,ethereum,False,False,False,False,9de7bbf6a794b8a2c60e20ac6de174c8cf6153c3,usdt,morpho_blue,E_idle_eoa
84000,84057.70800000001,2026-01-30 19:08:47.000 UTC,0x669acfa4276dbc442fcd8841184dcc1a44a25b33c1c9cc1b6bdaad04bea500d1,ed3a06b5790927c7952e320e4d1bcb09af0a0a03,False,ethereum,True,False,False,True,ed3a06b5790927c7952e320e4d1bcb09af0a0a03,usdc,morpho_blue,A_looper
5000,5002.62,2026-02-05 12:35:47.000 UTC,0x1ed2c5b8b3a5dcb96274a306e6e9fa4107005f3da3b6dd6e75d277c9e2d8bfe6,1f1de251ee59f4272ac21ffda2bd4dfc40c81912,False,ethereum,False,False,False,False,1f1de251ee59f4272ac21ffda2bd4dfc40c81912,usdc,morpho_blue,E_idle_eoa
11000,10981.641,2026-02-05 04:27:59.000 UTC,0x3a56f6e70df76a759fb4303abf24607f1e4f6afb1d3f64dec9d52f1c7476356d,1f9c50b4d59cd2d16bdbdcbca6f17f39237415b3,False,ethereum,False,False,False,False,1f9c50b4d59cd2d16bdbdcbca6f17f39237415b3,usdt,morpho_blue,E_idle_eoa
2000,1996.508,2026-02-05 16:40:11.000 UTC,0x81a692a70f5e5a529e8cf6a6c8ed3e168322127a40a1c41c9c329a9a25300a1b,ade1b24f410da0a68360f5cb688e1cac38dae542,False,ethereum,False,False,False,False,ade1b24f410da0a68360f5cb688e1cac38dae542,usdt,morpho_blue,E_idle_eoa
1000000,999265.0,2026-02-13 14:50:11.000 UTC,0xb25891b8369b992741b466e63b77be54424c35c9a12f42e36ee58e269029c68e,de6b2a06407575b98724818445178c1f5fd53361,False,ethereum,False,False,False,False,de6b2a06407575b98724818445178c1f5fd53361,usdt,morpho_blue,E_idle_eoa
200,200.07399999999998,2026-02-12 14:31:35.000 UTC,0x5f99ac9b5c1494c70237b4ba25eeb9c359eb94a693633085af7fc5a021a8b6ef,2bf70833e66ffa568ccf70618b5e64dc3c4d4c7c,False,ethereum,False,False,False,False,2bf70833e66ffa568ccf70618b5e64dc3c4d4c7c,usdc,morpho_blue,E_idle_eoa
1,1.001614,2026-02-18 15:44:11.000 UTC,0x05904b5850c2c5a91c3a7c3dba5372c8dab19b34714e61e7f3ab4694fa4072dc,ead103c96cec392b2dacb5932993dae20bf9442f,False,ethereum,False,False,False,False,ead103c96cec392b2dacb5932993dae20bf9442f,usdc,morpho_blue,E_idle_eoa
4500,4502.394,2026-02-18 18:51:23.000 UTC,0x4f7ab25c0aca67ad3778fec0fcfc67eeecde08077bf371b80b0c2f98f29175fe,eed6206e88de199276b2806565ffa651e8a1d425,False,ethereum,False,False,False,False,eed6206e88de199276b2806565ffa651e8a1d425,usdc,morpho_blue,E_idle_eoa
0.210543,0.210605110185,2026-02-02 22:30:23.000 UTC,0xa386540d3b595c0a26f60b9ba49c17f98aacac7328ea59f9fa9a1e5df25ed491,6344fec307f50466646338bc1c4eaf41a38cb93d,False,ethereum,False,False,False,False,6344fec307f50466646338bc1c4eaf41a38cb93d,usdc,morpho_blue,E_idle_eoa
50000,49977.4,2026-02-02 01:35:35.000 UTC,0xa4289232d73505456cda8fca9a31a66782103976312d6069db82961f3af674b5,de6b2a06407575b98724818445178c1f5fd53361,False,ethereum,False,False,False,False,de6b2a06407575b98724818445178c1f5fd53361,usdt,morpho_blue,E_idle_eoa
2000,2000.3120000000001,2026-02-06 16:57:59.000 UTC,0xa109596f1b4e4ee6ea0cdd467a5b8ec27cd6ca397f680d208c4ede3df7a1ada3,54cae5dd730af95f63fae5cb721b7ef9c6d52db8,False,ethereum,False,False,False,False,54cae5dd730af95f63fae5cb721b7ef9c6d52db8,usdc,morpho_blue,E_idle_eoa
5500,5501.4795,2026-02-11 12:08:35.000 UTC,0x8a597523654a1f4e4f899196018c0dc71cf34fe652594501c3929bf048d02848,38050f0b870dbc9a582cfd7380c05bb23b28bb00,False,ethereum,False,False,False,False,38050f0b870dbc9a582cfd7380c05bb23b28bb00,usdc,morpho_blue,E_idle_eoa
2300,2299.6182,2026-02-08 14:19:35.000 UTC,0xae1b87f85f6ace689b957ab31d1560dc877ba7e02578c02d3850490f3df5f9da,c74b184d4cd9a2c6ee94138bf9a474a0d3f61a72,False,ethereum,False,False,False,False,c74b184d4cd9a2c6ee94138bf9a474a0d3f61a72,usdt,morpho_blue,E_idle_eoa
300,300.1992,2026-02-06 01:07:23.000 UTC,0x172a219ee337fa2da2a7755d266c49c4a0474f99db0398f33a68b13789cbab04,1f1de251ee59f4272ac21ffda2bd4dfc40c81912,False,ethereum,False,False,False,False,1f1de251ee59f4272ac21ffda2bd4dfc40c81912,usdc,morpho_blue,E_idle_eoa
285000,285090.915,2026-02-06 17:57:35.000 UTC,0x94936dfcf6fe40ac45679bb5f11b7e9be19abcaf1ae8631431cb395b2acdd5e6,0567859509265c8249003128ca265c83c11fc388,False,ethereum,False,False,False,False,0567859509265c8249003128ca265c83c11fc388,usdc,morpho_blue,E_idle_eoa
18000,17994.203999999998,2026-01-31 20:16:35.000 UTC,0x5973c3bd72410ee50ac16481bd53ae88d7ef947ebd28d2b549bbdf241a8b275f,8d354807f14fd6f006ac959ab4a2a9c13fa5484a,False,ethereum,False,False,False,False,8d354807f14fd6f006ac959ab4a2a9c13fa5484a,usdt,morpho_blue,E_idle_eoa
3,3.001806,2026-02-06 00:00:35.000 UTC,0xe7f7749e420bf64a4725c51bab8fec3987c6715b13b028d85962a2e431ebcf98,1f1de251ee59f4272ac21ffda2bd4dfc40c81912,False,ethereum,False,False,False,False,1f1de251ee59f4272ac21ffda2bd4dfc40c81912,usdc,morpho_blue,E_idle_eoa
2300,2300.7360000000003,2026-02-21 12:35:23.000 UTC,0x5395b7bc31df000140c926d17fe23d3cfc3978e2ffee66afd86bfe86005a5b21,08ce56a1dc045bcbd34a7964b23516d364df6ba5,False,ethereum,False,False,False,False,08ce56a1dc045bcbd34a7964b23516d364df6ba5,usdc,morpho_blue,E_idle_eoa
9590,9593.57707,2026-02-19 13:49:23.000 UTC,0x4fe9f16ced2cb366c12cdd3f4f90a22f6fd322e43cef0727d84af2335242f2ae,28f4e9df9c628ba8c2fc9ba00b65b3f7be9d7c4e,False,ethereum,False,False,False,False,28f4e9df9c628ba8c2fc9ba00b65b3f7be9d7c4e,usdt,morpho_blue,E_idle_eoa
6500,6499.161499999999,2026-02-11 17:45:23.000 UTC,0xcbaffc7a01f10f210ff48e386353d2031bc8228a786b9b39798aa53187a274d1,3927b959e08b74a2258ac0642b01ca81201de746,False,ethereum,False,False,False,False,3927b959e08b74a2258ac0642b01ca81201de746,usdt,morpho_blue,E_idle_eoa
0.189669,0.189637325277,2026-02-18 08:00:35.000 UTC,0xd7d3e41dfbaf85b2e93b816e2ed27fbc396cd739c659be2299ef7bc605767a0e,6344fec307f50466646338bc1c4eaf41a38cb93d,False,ethereum,False,False,False,False,6344fec307f50466646338bc1c4eaf41a38cb93d,usdt,morpho_blue,E_idle_eoa
31000,31017.266999999996,2026-02-13 15:28:11.000 UTC,0x08b61aa12d84b849ba19c9d16e199379390a086bd3cf95c7c8c722462522c3e1,1b56625ab1c17bb23f503a5babefd626092f2393,False,ethereum,True,False,False,True,1b56625ab1c17bb23f503a5babefd626092f2393,usdc,morpho_blue,A_looper
262500,262577.4375,2026-02-06 17:44:47.000 UTC,0xf91c382e1aa41aab98f059cca23455df27607a0ea2a31f159a7659636f04c9e4,ba7f167b50074188d074a94c4738f1ed433cdbd7,False,ethereum,False,False,False,False,ba7f167b50074188d074a94c4738f1ed433cdbd7,usdc,morpho_blue,E_idle_eoa
40000,40019.4,2026-02-08 11:45:35.000 UTC,0x326bb0a0e326555cd8fd8392aed9e77ccb00ae0906ff71225ee28a4a9ac0ba86,0424ece0ea139f2df634fe5eb97a2c8a49289596,False,ethereum,False,False,False,False,0424ece0ea139f2df634fe5eb97a2c8a49289596,usdc,morpho_blue,E_idle_eoa
73963.020179,73957.0291743655,2026-02-18 09:04:11.000 UTC,0x0f495a865a8bfa58782e77da0d24f45e3f6599776a0819e048d3585669db8532,091a64d13566576a4ad1dd4da7d9a915b3ca827e,False,ethereum,False,False,False,False,091a64d13566576a4ad1dd4da7d9a915b3ca827e,usdt,morpho_blue,E_idle_eoa
576.311549,576.24239161412,2026-02-19 17:30:35.000 UTC,0x4038e8e7f7719a28f824996f13e3a5104950051f9956f03f373e81b37e687b03,eff0ae5b39271b33f448cd408b51dc8aa72a672b,False,ethereum,False,False,False,False,eff0ae5b39271b33f448cd408b51dc8aa72a672b,usdt,morpho_blue,E_idle_eoa
500,500.16150000000005,2026-02-24 12:57:23.000 UTC,0x71c06aff7134ff3bf99115d3eec170e7de95a52b03b33a93f10b8ff7b5320fd9,18d00a5f7730a414a3979fb5bcd60104c69f0ed2,False,ethereum,False,False,False,False,18d00a5f7730a414a3979fb5bcd60104c69f0ed2,usdt,morpho_blue,E_idle_eoa
3782487.628129,3785120.2395181777,2026-02-19 17:20:59.000 UTC,0x6bd05f180d23e4638123d07c1a3383512c476c704feaac4d59e837379bfa18f4,60e36a79c3d21120350e39b5ea59ae26b75ae74c,False,ethereum,False,False,False,False,60e36a79c3d21120350e39b5ea59ae26b75ae74c,usdc,morpho_blue,E_idle_eoa
1000,999.7080000000001,2026-02-11 08:01:47.000 UTC,0xf10d53faca1376dd3341ef47013eabea374e5a42d24672f175a00b41f523aca7,06da1fd9454c648c5d3ed8ad4dfd1cb07f13475c,False,ethereum,False,False,False,False,06da1fd9454c648c5d3ed8ad4dfd1cb07f13475c,usdt,morpho_blue,E_idle_eoa
28250,28214.1225,2026-01-31 08:18:35.000 UTC,0x1a712951fb5bdd403f2dc9dfed0533da4d8e0d747e93d648a0bc0209674121ba,0ae8b212cd707be1cdbfaea00d843405bc9848f1,False,ethereum,False,False,False,False,0ae8b212cd707be1cdbfaea00d843405bc9848f1,usdt,morpho_blue,E_idle_eoa
0.696096,0.6963994978560001,2026-02-19 13:09:47.000 UTC,0x58b3709daebe003bb3286a557acb74124aea114a1feccbc0ac789210df91e82c,58c26ca78713b7d50c4403647550b49bf8ccff9a,False,ethereum,False,False,False,False,58c26ca78713b7d50c4403647550b49bf8ccff9a,usdc,morpho_blue,E_idle_eoa
0.89,0.8902990399999999,2026-02-04 14:31:59.000 UTC,0xde5de11a1f5c0fd118c22edb964e707ae8b6ae4c02c739efb84e70c551e13205,fa7506968abe98144a40b313417ce188c0e79488,False,ethereum,False,False,False,False,fa7506968abe98144a40b313417ce188c0e79488,usdc,morpho_blue,E_idle_eoa
0.36735,0.3672699177,2026-02-11 19:00:35.000 UTC,0xd3e037ed4f994b418daf51d93d8cc0a2384e7e1eaae9e678a0b5d4fa078093da,6344fec307f50466646338bc1c4eaf41a38cb93d,False,ethereum,False,False,False,False,6344fec307f50466646338bc1c4eaf41a38cb93d,usdt,morpho_blue,E_idle_eoa
29.706405,29.71139567604,2026-02-02 04:00:23.000 UTC,0x6bb7f9035d4031da807f2e633d7538a72a19bade4361d444c119d990b9ba934c,05b011922348325e7c9ece372560df92ea699886,False,ethereum,False,False,False,False,05b011922348325e7c9ece372560df92ea699886,usdc,morpho_blue,E_idle_eoa
20000,20000.82,2026-02-15 18:05:11.000 UTC,0xdcac758853d20a614b6c21fca496d2c40304452641cc46c372f634426439e341,f4ef3af70936160b7bde4fd5cced7482467a5fb4,False,ethereum,False,False,False,False,f4ef3af70936160b7bde4fd5cced7482467a5fb4,usdc,morpho_blue,E_idle_eoa
2500,2499.375,2026-02-13 10:08:59.000 UTC,0x5f5ac7676b13b5dbf8b430ba6f511ecefcac50757c83c8bed3af0ee929a33879,01f99e527454d8bc2835aa662ccf52cea2c9be3d,False,ethereum,False,False,False,False,01f99e527454d8bc2835aa662ccf52cea2c9be3d,usdt,morpho_blue,E_idle_eoa
59400000,59423581.8,2026-02-05 00:28:47.000 UTC,0x370b9d4e9c3fb640e6ebbf8960275a59c0a496d0fb0b06b918edebae0ab381e4,bcd16d361adf5e7e0dc0010756b49666b4f38ee0,False,ethereum,False,False,False,False,bcd16d361adf5e7e0dc0010756b49666b4f38ee0,usdc,morpho_blue,E_idle_eoa
920,920.2502400000001,2026-01-30 13:49:59.000 UTC,0x173d35f148fa1a4b4b9d915a9695e042ee700f782db16a7736874317fc21eeb6,a96c774dbcdad89ee7872078e58d5168170d684e,False,ethereum,True,False,True,True,a96c774dbcdad89ee7872078e58d5168170d684e,usdc,morpho_blue,A_looper
15000,15003.164999999999,2026-02-05 03:54:47.000 UTC,0x86ff9b7063158027c749e99a508dd8c60b0e925124bbce0df5b384f316cb6ed3,05c49e2366899be39e43f66d85f119cf6c773172,False,ethereum,False,False,False,False,05c49e2366899be39e43f66d85f119cf6c773172,usdc,morpho_blue,E_idle_eoa
0.267648,0.26777031513599997,2026-02-01 15:00:23.000 UTC,0x0b4c93514eaff25f15e4556075119db1ffc0892908b4f11b1097f9e3ac9f51aa,6344fec307f50466646338bc1c4eaf41a38cb93d,False,ethereum,False,False,False,False,6344fec307f50466646338bc1c4eaf41a38cb93d,usdc,morpho_blue,E_idle_eoa
21500,21507.8475,2026-02-17 05:52:35.000 UTC,0x0475bcb0d26890c6b57fa37d0bfe9e552b6cacfcd4e951794726d2e8227803a2,91e9a7920d71d74c860c8fb1fa7182b30de13748,False,ethereum,True,False,False,True,91e9a7920d71d74c860c8fb1fa7182b30de13748,usdc,morpho_blue,A_looper
6,6.002604,2026-02-16 09:50:23.000 UTC,0x74cb9b6465c0d6a463de873ccd48ea70dfa681de3ccb78bd3bf56bca65c4f65f,ead103c96cec392b2dacb5932993dae20bf9442f,False,ethereum,False,False,False,False,ead103c96cec392b2dacb5932993dae20bf9442f,usdc,morpho_blue,E_idle_eoa
77824.898233,77845.05488164235,2026-02-25 04:00:23.000 UTC,0x0914fd6a39961a1b3bf0a25d16d4b483d691a506857152ffbf247e1c8dbb4460,eff0ae5b39271b33f448cd408b51dc8aa72a672b,False,ethereum,False,False,False,False,eff0ae5b39271b33f448cd408b51dc8aa72a672b,usdt,morpho_blue,E_idle_eoa
125,124.95525,2026-02-02 18:49:59.000 UTC,0xa2f01eef47b1bc363880b74c3f3da96450d4c004dc47586aae09c6545d6eeaa8,3c7570e2c7c52c20e09e727e2a778e141b01c597,False,ethereum,False,False,False,False,3c7570e2c7c52c20e09e727e2a778e141b01c597,usdt,morpho_blue,E_idle_eoa
130000,130029.9,2026-02-06 20:00:47.000 UTC,0x07707669c7e8b8719928cb438dae62f7342301c582217eb6ac950cb62423c7f8,c0778aa3961508c53fa39ddb789fa78c8dd87587,False,ethereum,False,False,False,False,c0778aa3961508c53fa39ddb789fa78c8dd87587,usdc,morpho_blue,E_idle_eoa
0.228163,0.22828073210799998,2026-01-28 12:00:35.000 UTC,0x7bed1ae1295f230d9046b80c99f8eae054863d3fcfae4eab7a4c0c5a382d5760,6344fec307f50466646338bc1c4eaf41a38cb93d,False,ethereum,False,False,False,False,6344fec307f50466646338bc1c4eaf41a38cb93d,usdc,morpho_blue,E_idle_eoa
700,699.8257,2026-02-11 21:51:35.000 UTC,0xa06a3d26202c50645ed91d7fcf6daddaba909d0f1f5cb071b0136f2f14d2e7bd,9f03da73cf0f3a141404af735c16cf17427d81db,False,ethereum,False,False,False,False,9f03da73cf0f3a141404af735c16cf17427d81db,usdt,morpho_blue,E_idle_eoa
140000,140060.9,2026-02-15 17:32:23.000 UTC,0xd10c2fd45f90ed2bf8942f71cda7accc5e4595c24b6493a1de995fa7f9193bff,5b07d71f096d69aef18637fcbba7a097590e08be,False,ethereum,False,False,False,False,5b07d71f096d69aef18637fcbba7a097590e08be,usdc,morpho_blue,E_idle_eoa
1100,1100.4631,2026-01-31 18:18:47.000 UTC,0x80bd21c65505949f228f26f7bd486eedee625032d57ac6dc10fde6c96f54f2c6,ff3771c68e3fe1de74c927364eef12a500828cfe,False,ethereum,False,False,False,False,ff3771c68e3fe1de74c927364eef12a500828cfe,usdc,morpho_blue,E_idle_eoa
1.75,1.7507157500000001,2026-02-24 08:18:59.000 UTC,0x0b5b5ea43870b9d0d5ac94013ad2f761fec144164705c39a277fdf566035c484,1f1de251ee59f4272ac21ffda2bd4dfc40c81912,False,ethereum,False,False,False,False,1f1de251ee59f4272ac21ffda2bd4dfc40c81912,usdc,morpho_blue,E_idle_eoa
2000,2000.648,2026-02-25 03:03:11.000 UTC,0x9cbf2b7eff5be8cfb46d641660f8c8d33ed99014e6be2ac4e0e22e7d8eb6abde,60e1de483c0c3657d79c735e9ff4d9ea84b44b67,False,ethereum,False,False,False,False,60e1de483c0c3657d79c735e9ff4d9ea84b44b67,usdc,morpho_blue,E_idle_eoa
50,50.021,2026-02-08 18:22:35.000 UTC,0x69efcba8334c6490849df252a011db0d668b2a2a79083272a6553dc69fc94343,764ec1ad93a8017711b2eee05a9846e5a78078f9,False,ethereum,False,False,False,False,764ec1ad93a8017711b2eee05a9846e5a78078f9,usdc,morpho_blue,E_idle_eoa
44000,44015.18,2026-02-06 09:57:11.000 UTC,0x1aa9c192bc155b8cbbd2652ffeb3ac517636908f6d73f27fc5039be14bf52ee9,27aa778249194eea82fb1e548631f1818f40e65f,False,ethereum,False,False,False,False,27aa778249194eea82fb1e548631f1818f40e65f,usdc,morpho_blue,E_idle_eoa
20000,20004.719999999998,2026-02-11 04:20:59.000 UTC,0x0d5980747c0ead7e15c17b284966f195b81362977209356411724de4af018f37,ba10248ac4dcc76ef27b58aad637f02a27fbc4f6,False,ethereum,False,False,False,False,ba10248ac4dcc76ef27b58aad637f02a27fbc4f6,usdc,morpho_blue,E_idle_eoa
1250,1249.28375,2026-01-26 20:40:47.000 UTC,0xe9e6a4387fbe3fd2b6db68b52a8041402362c641366280becbcc81f55fd6fa62,d0534a3db9203d4a7b09e5eecdf0c4afffba1fd1,False,ethereum,False,False,False,False,d0534a3db9203d4a7b09e5eecdf0c4afffba1fd1,usdt,morpho_blue,E_idle_eoa
120000,119776.2,2026-02-05 22:37:23.000 UTC,0xe5f3237dc219e73f1aa79dc67eaaa4de04543d20bf3b97274ecb0acf5196dc82,b091585da6657786ea2ac7f5e970ea8142ebcc06,False,ethereum,False,False,False,False,b091585da6657786ea2ac7f5e970ea8142ebcc06,usdt,morpho_blue,E_idle_eoa
25000,25009.325,2026-02-13 01:21:47.000 UTC,0xa4b1878960908f5de35d00f2461e17cc652f2da17867ecea703801fa195423c3,2425ccb741e67d36553a5a9a84e0b5b009bc5a9d,False,ethereum,False,False,False,False,2425ccb741e67d36553a5a9a84e0b5b009bc5a9d,usdc,morpho_blue,E_idle_eoa
1500,1500.6345000000001,2026-02-13 18:01:11.000 UTC,0x80928358b32bbe9e0e9fb2e3c86450c0a83c2e14701c6bcab6e3db66c718a82a,02aada095109f8d41adf372d317535312c73a0b6,False,ethereum,False,False,False,False,02aada095109f8d41adf372d317535312c73a0b6,usdc,morpho_blue,E_idle_eoa
0.64156,0.64174027836,2026-02-20 07:57:11.000 UTC,0xbae353cfd3c119e548e18c183691935177c72d0645ce5702586dc208e381fadb,58c26ca78713b7d50c4403647550b49bf8ccff9a,False,ethereum,False,False,False,False,58c26ca78713b7d50c4403647550b49bf8ccff9a,usdc,morpho_blue,E_idle_eoa
20000,20004.620000000003,2026-02-06 00:53:11.000 UTC,0x695df7fc2e844c069898f05b4a7f874b54f328c8a29a6ea20e74cd132883126a,1aab634786dacad71cf9ea0685fbf421902c1498,False,ethereum,False,False,False,False,1aab634786dacad71cf9ea0685fbf421902c1498,usdc,morpho_blue,E_idle_eoa
3.472681,3.4741950889160007,2026-02-19 13:06:23.000 UTC,0xc221fe239c6ce5669fa5965d6b3b89541e85d78c2ece6f40e9fcc4ced47f7e8d,58c26ca78713b7d50c4403647550b49bf8ccff9a,False,ethereum,False,False,False,False,58c26ca78713b7d50c4403647550b49bf8ccff9a,usdc,morpho_blue,E_idle_eoa
317080,317270.88216,2026-02-06 17:47:59.000 UTC,0x5e562abfe603628448c87bbcfb9f80014efed1bf8558dd992b0e4da9fdbc9df2,0560f5a7a1d8b8227f6c206e62d2ba6b7a2c8660,False,ethereum,False,False,False,False,0560f5a7a1d8b8227f6c206e62d2ba6b7a2c8660,usdc,morpho_blue,E_idle_eoa
12274.606835,12276.86536265764,2026-01-26 18:16:35.000 UTC,0x803a71a3ead2da331168cd6f419dfc5bd614b9de758051c5ddca1d53f280ef58,eff0ae5b39271b33f448cd408b51dc8aa72a672b,False,ethereum,False,False,False,False,eff0ae5b39271b33f448cd408b51dc8aa72a672b,usdc,morpho_blue,E_idle_eoa
15000,14997.225,2026-02-08 19:47:11.000 UTC,0x92ac3887434ee665268eb5e3d1b79fb554f92709a5b1bbf244ea6d7774d6cf8c,91546cc623a95fdfad62e9df8590dee69b771702,False,ethereum,False,False,False,False,91546cc623a95fdfad62e9df8590dee69b771702,usdt,morpho_blue,E_idle_eoa
100,99.88669999999999,2026-01-31 08:50:11.000 UTC,0xf44949183263d17221d4b60310e1401b33f92bb96a146ae2d3ba5d24fd7fa979,06812eef8fe9999aeccb0fae56bb98626cbf8a91,False,ethereum,False,False,False,False,06812eef8fe9999aeccb0fae56bb98626cbf8a91,usdt,morpho_blue,E_idle_eoa
50000,49950.0,2026-01-29 09:01:35.000 UTC,0xd1c4fa1927d5af6fe486d90c196cf89e155a30696675032a121b981d68a9ac6e,9cd5d1a2f1b158d4c4dd0f3ae2622136b48b1bb0,False,ethereum,False,False,False,False,9cd5d1a2f1b158d4c4dd0f3ae2622136b48b1bb0,usdt,morpho_blue,E_idle_eoa
750000,750284.2499999999,2026-02-21 17:21:59.000 UTC,0x26d9f7274cec29260d69e243ef8ac16e7783cc0bc7eeb838362c1f26c269066b,d1a3c20488899c038b7daae1ede0c6da6c36c326,False,ethereum,False,False,False,False,d1a3c20488899c038b7daae1ede0c6da6c36c326,usdt,morpho_blue,E_idle_eoa
300,300.14700000000005,2026-02-03 18:34:23.000 UTC,0x1966634f12b6cfbb46a672b17ebf4e90545cf41eeabde4baa0afa7639def706d,a65c9db978448eb3d2f021425f29d6760d10e1f0,False,ethereum,True,True,True,True,a65c9db978448eb3d2f021425f29d6760d10e1f0,usdc,morpho_blue,A_looper
100000,100040.0,2026-02-13 04:32:23.000 UTC,0x483f803eabb43a6897860081d99363b28a19f9cd04dbddce7892e098a250e55a,c0778aa3961508c53fa39ddb789fa78c8dd87587,False,ethereum,False,False,False,False,c0778aa3961508c53fa39ddb789fa78c8dd87587,usdc,morpho_blue,E_idle_eoa
253.760353,253.79511816836103,2026-01-26 20:37:11.000 UTC,0x3d7744f36aae6c66af055c00db405f9d0a0af6389e4a2c3e1cc0e46355338c70,5d82ae8fc9ad408507a3ebdbc48a97e20aa8f737,False,ethereum,True,False,True,True,5d82ae8fc9ad408507a3ebdbc48a97e20aa8f737,usdc,morpho_blue,A_looper
100.009713,100.05071698233,2026-02-25 08:52:59.000 UTC,0x9ed622f059cb96912c276d95270614d834fef629c07f77555048068cd3af945d,802bfef501c3d427973b97765331876e19c6eb23,False,ethereum,False,False,False,False,802bfef501c3d427973b97765331876e19c6eb23,usdc,morpho_blue,E_idle_eoa
1000,1000.4139999999999,2026-02-11 12:47:35.000 UTC,0xff1ae6d979abb163e87f666989d615183844b1b66fb2aafece34829594378d5d,38050f0b870dbc9a582cfd7380c05bb23b28bb00,False,ethereum,False,False,False,False,38050f0b870dbc9a582cfd7380c05bb23b28bb00,usdc,morpho_blue,E_idle_eoa
0.499282,0.49953663382,2026-02-19 13:28:47.000 UTC,0x1d232482db64342e99650ad88cd2901682540cf7f3693090af60e3050f8de000,58c26ca78713b7d50c4403647550b49bf8ccff9a,False,ethereum,False,False,False,False,58c26ca78713b7d50c4403647550b49bf8ccff9a,usdc,morpho_blue,E_idle_eoa
8.933695,8.93376646956,2026-02-20 10:36:47.000 UTC,0x0563a683be18f485f978709bab9bbae8de6a553e55230f464ea39ecb1edb92b9,fa0da49686a3f0b6caca1c336bf096dd24db98b6,False,ethereum,False,False,False,False,fa0da49686a3f0b6caca1c336bf096dd24db98b6,usdt,morpho_blue,E_idle_eoa
28.364774,28.371099344602,2026-02-16 13:00:35.000 UTC,0x9008f085eccbeda29d7ca0c8b583145969e61ba343219c22e00483df33324b38,05b011922348325e7c9ece372560df92ea699886,False,ethereum,False,False,False,False,05b011922348325e7c9ece372560df92ea699886,usdt,morpho_blue,E_idle_eoa
7100000,7101604.600000001,2026-02-02 08:31:47.000 UTC,0x0a674bbbd0cbc7808baf76779d2588270ead731283080f73098a1702a31ea9ce,933adedd85824da75ec8a334a7907e69e7c02833,False,ethereum,True,False,False,True,933adedd85824da75ec8a334a7907e69e7c02833,usdc,morpho_blue,A_looper
200,200.02439999999999,2026-02-18 09:42:47.000 UTC,0x2b07573c340de8b3c2b1112735dcce4d68f6b60eb4b98948ae595aa61dcf1515,2bf70833e66ffa568ccf70618b5e64dc3c4d4c7c,False,ethereum,False,False,False,False,2bf70833e66ffa568ccf70618b5e64dc3c4d4c7c,usdc,morpho_blue,E_idle_eoa
0.272689,0.272726903771,2026-02-04 22:30:23.000 UTC,0xec36367fb2e708bde232c4fccff5aab9a61062f79095d5684ad79793248db1df,6344fec307f50466646338bc1c4eaf41a38cb93d,False,ethereum,False,False,False,False,6344fec307f50466646338bc1c4eaf41a38cb93d,usdc,morpho_blue,E_idle_eoa
0.258733,0.258636751324,2026-02-04 18:30:23.000 UTC,0xa1f53f262048ec20f0c72d881c792d07f1effd7c2cdd24ea4e5dbb10d0bf2439,6344fec307f50466646338bc1c4eaf41a38cb93d,False,ethereum,False,False,False,False,6344fec307f50466646338bc1c4eaf41a38cb93d,usdc,morpho_blue,E_idle_eoa
0.133845,0.13389733339499998,2026-02-17 19:00:47.000 UTC,0x2b09c05f59f7e271646c005f7fa415ea1be3262ba8f7f0d60346dff6b32aca86,6344fec307f50466646338bc1c4eaf41a38cb93d,False,ethereum,False,False,False,False,6344fec307f50466646338bc1c4eaf41a38cb93d,usdt,morpho_blue,E_idle_eoa
21.741629,21.749086378747,2026-02-25 09:00:23.000 UTC,0x065aabf3e7429ca2a56035a7dc5a74fc318bd7cf363e6eac6f495adbf5269944,05b011922348325e7c9ece372560df92ea699886,False,ethereum,False,False,False,False,05b011922348325e7c9ece372560df92ea699886,usdt,morpho_blue,E_idle_eoa
605,604.63821,2026-02-02 14:34:35.000 UTC,0x54157b3c692d980f5fbff8c8ab870f03093b25d422331dfdf6037b4e56fb0431,6c33d81b1f593401083e74851a83ef820d76b8ca,False,ethereum,False,False,False,False,6c33d81b1f593401083e74851a83ef820d76b8ca,usdt,morpho_blue,E_idle_eoa
0.186197,0.186217109276,2026-02-16 18:30:23.000 UTC,0x1a15dfe0d34dc815b5aa7260bb009cb6f57cadd5fce9d427b9f39be7a91d2b5d,6344fec307f50466646338bc1c4eaf41a38cb93d,False,ethereum,False,False,False,False,6344fec307f50466646338bc1c4eaf41a38cb93d,usdt,morpho_blue,E_idle_eoa
75000,74918.7,2026-01-28 17:58:35.000 UTC,0x38c877c8d49c88f5ee1f02cbd215cb6b191dc6c808bfae572799523c58df1939,c0778aa3961508c53fa39ddb789fa78c8dd87587,False,ethereum,False,False,False,False,c0778aa3961508c53fa39ddb789fa78c8dd87587,usdt,morpho_blue,E_idle_eoa
22.265584,22.276560932912002,2026-02-01 10:30:23.000 UTC,0x0b267b97eee95dd654980195f50dcc3a3ede5a59a1f36fc419a547894fa6ed24,05b011922348325e7c9ece372560df92ea699886,False,ethereum,False,False,False,False,05b011922348325e7c9ece372560df92ea699886,usdc,morpho_blue,E_idle_eoa
700,700.3864000000001,2026-02-10 15:42:11.000 UTC,0x369eddfc9d4123818259e0a251dfb6f6c3ae0248784bb34bf14f4d1e2f6d178e,0d4fb0237ca4d1934186dbfbc429747d06756537,False,ethereum,False,False,False,False,0d4fb0237ca4d1934186dbfbc429747d06756537,usdc,morpho_blue,E_idle_eoa
300,300.171,2026-02-05 21:05:35.000 UTC,0xc69989287b7fbb1d4a1f57756526caf4e27d169da7cf17ec6838f74fa27e3cc4,1f1de251ee59f4272ac21ffda2bd4dfc40c81912,False,ethereum,False,False,False,False,1f1de251ee59f4272ac21ffda2bd4dfc40c81912,usdc,morpho_blue,E_idle_eoa
18000,17980.811999999998,2026-01-31 16:19:35.000 UTC,0x96de43b33859aa37b756495a77f48e1ca823c70955757b20f06006927ec2c905,0ae8b212cd707be1cdbfaea00d843405bc9848f1,False,ethereum,False,False,False,False,0ae8b212cd707be1cdbfaea00d843405bc9848f1,usdt,morpho_blue,E_idle_eoa
3000,2999.8320000000003,2026-02-06 15:38:11.000 UTC,0xe3f9c587186d046d8d2b3e27f62118e9b00cde8b2da0f4541adbe73c58e277c2,1b78b453ab685e7a29f454772ca190dce3f17a95,False,ethereum,False,False,False,False,1b78b453ab685e7a29f454772ca190dce3f17a95,usdt,morpho_blue,E_idle_eoa
26768.760535,26733.506077375405,2026-02-04 16:02:35.000 UTC,0x319f75209ae2abe076e5d499c26f20e7bc89be2dbcf7e89af1c5122ee6f69543,28f4e9df9c628ba8c2fc9ba00b65b3f7be9d7c4e,False,ethereum,True,True,True,True,28f4e9df9c628ba8c2fc9ba00b65b3f7be9d7c4e,usdt,morpho_blue,A_looper
450,450.11115000000007,2026-01-31 17:57:23.000 UTC,0x8a30fa8c4195fafe792cf993299855e42ad0cd0719ad91a3bb2fd7315147cc7f,a65c9db978448eb3d2f021425f29d6760d10e1f0,False,ethereum,True,True,True,True,a65c9db978448eb3d2f021425f29d6760d10e1f0,usdc,morpho_blue,A_looper
38720,38732.31296,2026-02-07 00:33:11.000 UTC,0x26e19495033ba96acac98e58f74d471efeb5258001611872ae54a4e7cb355aa1,1b9c022c8d163f657bec63abc73982b977e7ee07,False,ethereum,False,False,False,False,1b9c022c8d163f657bec63abc73982b977e7ee07,usdc,morpho_blue,E_idle_eoa
6000,6002.646,2026-02-13 09:47:23.000 UTC,0x8ec4dfbfd957f946c043c75fa5c593d389f7c7faeaea0a6041a1c07a8f4189a5,39c78ce4fbd59722f48a3271fe11f9ac5f933ba0,False,ethereum,False,False,False,False,39c78ce4fbd59722f48a3271fe11f9ac5f933ba0,usdc,morpho_blue,E_idle_eoa
14,14.001036,2026-02-11 21:06:47.000 UTC,0x79dc9694f17b3a141da4359eccc3afd8286d56105c31b1d454ee7da1053f2036,e27141ca33967be5df82b5cd33d93adf6e04d31c,False,ethereum,True,False,False,False,e27141ca33967be5df82b5cd33d93adf6e04d31c,usdc,morpho_blue,B_defi_retained
3600,3600.9755999999998,2026-02-07 02:55:35.000 UTC,0x92e622f4108c529ec1a3279c5d9ccc28f558ac7f453ddfb7c859e64e3b31d024,b1d8b9cbc2aca90fb67b303848baec28c40eebcd,False,ethereum,False,False,False,False,b1d8b9cbc2aca90fb67b303848baec28c40eebcd,usdc,morpho_blue,E_idle_eoa
50000,50005.5,2026-02-22 13:53:59.000 UTC,0xe60995fae00819b60d8f238d0c166160605d2c0c2c35cbf6855bae09d4aac85a,de6b2a06407575b98724818445178c1f5fd53361,False,ethereum,False,False,False,False,de6b2a06407575b98724818445178c1f5fd53361,usdt,morpho_blue,E_idle_eoa
3000,3001.6650000000004,2026-02-05 23:22:59.000 UTC,0xaedba6d1e68bb92f1c2574ed728e878d018bfce7975303858d5664b2dbe5d3e9,160ab4870b41fb262073f2278d07b1566531584d,False,ethereum,False,False,False,False,160ab4870b41fb262073f2278d07b1566531584d,usdc,morpho_blue,E_idle_eoa
4.5,4.501647,2026-02-05 13:52:47.000 UTC,0x520116eca287b6f7833024746c8493d7a931d7165e8e0127964e7cc01bb86f20,1f1de251ee59f4272ac21ffda2bd4dfc40c81912,False,ethereum,False,False,False,False,1f1de251ee59f4272ac21ffda2bd4dfc40c81912,usdc,morpho_blue,E_idle_eoa
500,499.9335,2026-02-06 16:24:35.000 UTC,0xc56aae8beaba3670a25954b6e787732e7dec82092e5a6295de2d3d803a03d9ee,8a85a41473f5699b080e6128ebfa2c9f5058fa61,False,ethereum,False,False,False,False,8a85a41473f5699b080e6128ebfa2c9f5058fa61,usdc,morpho_blue,E_idle_eoa
280000,280069.16000000003,2026-01-31 23:24:59.000 UTC,0xbf5bc86971d6221c0993a2ff5aee6ac0f19947baa797f03646a3f7e08207e5a5,ba10248ac4dcc76ef27b58aad637f02a27fbc4f6,False,ethereum,True,False,False,True,ba10248ac4dcc76ef27b58aad637f02a27fbc4f6,usdc,morpho_blue,A_looper
70000,70010.78,2026-02-02 19:31:59.000 UTC,0x9da9db0d3175eecb8e77a0fc485d5ffed439321250da8946dbfd3a2e4201e4bc,c0778aa3961508c53fa39ddb789fa78c8dd87587,False,ethereum,False,False,False,False,c0778aa3961508c53fa39ddb789fa78c8dd87587,usdc,morpho_blue,E_idle_eoa
2000,2000.26,2026-02-05 02:51:11.000 UTC,0x35fdfaf245cbe26bee72e005c4b7eb4d3790264564d8218c3d54da82ed42e148,9fa3f2baf1bfa3eb8abd07561d0193dc7ce277b5,False,ethereum,False,False,False,False,9fa3f2baf1bfa3eb8abd07561d0193dc7ce277b5,usdc,morpho_blue,E_idle_eoa
200000,200043.4,2026-02-04 00:41:47.000 UTC,0x52edd9fd9e4f92b574f05782439a9cdd4640a768bf948be70f6bc6a236131935,c99882e7efb11e4258dfee59954226e53fef4e68,False,ethereum,False,False,False,False,c99882e7efb11e4258dfee59954226e53fef4e68,usdc,morpho_blue,E_idle_eoa
40000,40008.32,2026-02-24 17:30:35.000 UTC,0x64dfff449962646ceb150a86cdaf8165bd7ed8fd638daef1668bfe068c67932f,4c790a3a49c85593d97eb12a2dc69087a8ff988d,False,ethereum,False,False,False,False,4c790a3a49c85593d97eb12a2dc69087a8ff988d,usdc,morpho_blue,E_idle_eoa
30000,30013.77,2026-02-25 15:51:23.000 UTC,0x586aa8514b8e0a9add15f8a56be9b6735a11422117fa484df9b31a2f83b7603d,de6b2a06407575b98724818445178c1f5fd53361,False,ethereum,False,False,False,False,de6b2a06407575b98724818445178c1f5fd53361,usdt,morpho_blue,E_idle_eoa
900,900.1007999999999,2026-02-03 17:05:59.000 UTC,0xa51aad6e40298dbb299a08640372d14822b70967ad5c96c9a6c870a97dbbd7d1,d69849c9f8133d0da59d1e9ace75beda8348aaa7,False,ethereum,False,False,False,False,d69849c9f8133d0da59d1e9ace75beda8348aaa7,usdc,morpho_blue,E_idle_eoa
1000,1000.2850000000001,2026-02-20 20:01:59.000 UTC,0x5c43760e9668cb1bec70244ab6a0133d366b78d18367705bd77f6d53b25d275e,3ed58a9445f3e2762d7c03396312786532193716,False,ethereum,False,False,False,False,3ed58a9445f3e2762d7c03396312786532193716,usdt,morpho_blue,E_idle_eoa
6000,5997.023999999999,2026-02-17 17:38:23.000 UTC,0x2d3add413d333dbc766360dedc34b067411d3cf2ecb569f5bbae77567caea031,c487454248beda0961f9babfb73694fbf3190c21,False,ethereum,False,False,False,False,c487454248beda0961f9babfb73694fbf3190c21,usdt,morpho_blue,E_idle_eoa
223000,223116.85199999998,2026-02-04 16:18:35.000 UTC,0x5f72b230aca7489749fcc58b9fbc36efcfab4ef9aad6aee90d000ccd5e94a28c,802bfef501c3d427973b97765331876e19c6eb23,False,ethereum,False,False,False,False,802bfef501c3d427973b97765331876e19c6eb23,usdc,morpho_blue,E_idle_eoa
538,538.296438,2026-02-23 01:19:47.000 UTC,0x8bcfb02b39a1c218dc613857330adbe3722d987bff0be7c9e337431ef7b2c276,a65c9db978448eb3d2f021425f29d6760d10e1f0,False,ethereum,True,True,True,True,a65c9db978448eb3d2f021425f29d6760d10e1f0,usdc,morpho_blue,A_looper
